raw_spelling,source_file,record_count,is_job_entry,is_false_positive,notes
Core Construction,certs_2025_all.csv|excel_rental_bv.csv|excel_rental_swppp_numbers.csv|excel_swppp_bv.csv|excel_swppp_confirmed.csv,142,YES,NO,
CORE CONSTRUCTION,excel_location_billing_invoices.csv|excel_location_completed.csv|excel_location_contract_billing.csv|excel_location_need_start.csv|excel_location_sheet1.csv|excel_location_uploads.csv,45,YES,NO,
Core,excel_rental_bv.csv|excel_rental_swppp_numbers.csv,9,NO,NO,
Core Ready Mix,excel_wt_sw.csv,8,NO,YES,
CORE TEMPE HOUSE OF TRICKS 7TH ST RESIDENTIAL,excel_location_billing_invoices.csv|excel_location_uploads.csv,2,NO,NO,
Core Tempe House off Tricks - 7th Street Development  (AKA 7th Street Residential),excel_swppp_bv.csv,2,NO,NO,
Core Construction            ******Need Job Numbers*****,excel_wt_sw.csv,2,YES,NO,
#4225-00 Core-Shell,certs_2025_all.csv,1,YES,NO,
"[""Jeff Pilkington"",""CORE CONSTRUCTION"",""QUEEN CREEK H.S. #2"",null,43955,43969,"" "",9600,""E RAY RD"",""MESA"",""AZ"",85212,""US"",""RED"",""602-370-9448"",""RICHARD",excel_location_completed.csv,1,YES,NO,
"[""James Leonard"",""CORE CONSTRUCTION"",""GOODYEAR FIRESTATION #186"",null,44159,44173,"" "",18430,""W WILLIS RD"",""GOODYEAR"",""AZ"",""85338"",""US"",""RED"",""602-708-",excel_location_completed.csv,1,YES,NO,
"[""James Leonard"",""CORE CONSTRUCTION"",""GOODYEAR FIRESTATION #181"",null,44243,44257,"" "",null,""143RD AVE. & CELEBRATION OF LIFE WAY"",""GOODYEAR"",""AZ"",""853",excel_location_completed.csv,1,YES,NO,
"[""James Leonard"",""CORE CONSTRUCTION"",""CHEROKEE ELEMENTARY SCHOOL"",null,44294,44308,"" "",8801,""N 56TH ST"",""PARADISE VALLEY"",""AZ"",85253,""US"",""RED"",""602-9",excel_location_completed.csv,1,YES,NO,
"[""Patrick Bickert"",""CORE CONSTRUCTION"",""BARNEY FARMS ELEMENTARY"",null,44361,44375,"" "",null,""E OF SIGNAL BUTTE ON QUEEN CREEK"",""QUEEN CREEK"",""AZ"",null,",excel_location_completed.csv,1,YES,NO,
"[""Patrick Bickert"",""CORE CONSTRUCTION"",""QUEEN CREEK #9 HARVEST"",null,44361,44375,"" "",""SWC"",""N GARY RD & GRANGE PKWY"",""QUEEN CREEK"",""AZ"",null,""US"",""RED",excel_location_completed.csv,1,YES,NO,
"[""James Leonard"",""CORE CONSTRUCTION"",""CASA BLANCA COMMUNITY SCHOOL"",null,44410,44424,"" "",""SEC"",""NELSON RD & PRAIRIE RD"",""BAPCHULE"",""AZ"",85121,""US"",""RE",excel_location_completed.csv,1,YES,NO,
"[""Patrick Bickert"",""CORE CONSTRUCTION"",""PVUSD ELEMENTARY"",null,44421,44435,"" "",null,""N 33RD ST & E SKYCROSSING WAY"",""PHOENIX"",""AZ"",null,""US"",""RED"",""60",excel_location_completed.csv,1,YES,NO,
"[""Herve Gruner"",""CORE CONSTRUCTION"",""MESA HIGH SCHOOL"",null,44490,44504,"" "",1630,""E SOUTHERN AVE"",""MESA"",""AZ"",85204,""US"",""RED"",""602-918-0534"",""TI  MOR",excel_location_completed.csv,1,YES,NO,
"[""Herve Gruner"",""CORE CONSTRUCTION"",""MESA FIRE STATION #221"",null,44489,44503,"" "",9320,""E POINT TWENTY-TWO BLVD"",""MESA"",""AZ"",85212,""US"",""RED"",""480-392",excel_location_completed.csv,1,YES,NO,
"[""Herve Gruner"",""CORE CONSTRUCTION"",""QQUSD HS #3"",null,44760,44774,null,""NWC"",""E RIGGS & S 220TH STREET"",""QUEEN CREEK"",""AZ"",null,""US"",null,""602-370-94",excel_location_completed.csv,1,YES,NO,
CORE SURGICAL HOSPITAL,excel_location_completed.csv,1,NO,YES,
"[""James Leonard"",""SONORAN CREST CONTRUCTION"",""CORE SURGICAL HOSPITAL "",null,44715,44729,null,""6501 "",""N 19TH AVENUE"",""PHOENIX"",""AZ"",""85015"",""US"",null,",excel_location_completed.csv,1,YES,NO,
"[""zJC Derek Pooler"",""CORE CONSTRUCTION"",""CITY OF TUCSON FIRE STATION #9"",null,null,null,null,730,""S WILMOT RD "",""TUCSON"",""AZ"",85711,""US"",null,""928-864",excel_location_completed.csv,1,YES,NO,
"[""zJC Derek Pooler"",""CORE CONSTRUCTION"",""CITY OF TUCSON FIRE STATION #8"",null,null,null,null,1025,""W PRINCE RD"",""TUCSON"",""AZ"",85705,""US"",null,""928-864",excel_location_completed.csv,1,YES,NO,
"[""Herve Gruner"",""CORE CONSTRUCTION"",""ASU BATEMAN"",null,45058,45072,null,""550"",""E TYLER MALL"",""TEMPE"",""AZ"",""85287"",""US"",null,""602-695-3190"",""LARRY MITC",excel_location_completed.csv,1,YES,NO,
"[""Herve Gruner"",""CORE CONSTRUCTION"",""KYRENE ESD - CIELO BUS STOP "",null,45100,45114,null,1350,""N LAKE SHORE DRIVE"",""CHANDLER"",""AZ"",85226,""US"",null,""48",excel_location_completed.csv,1,YES,NO,
"[""LOGAN CAMPBELL"",""CORE CONSTRUCTION"",""GOODYEAR POLICE DEPT PHASE II"",null,45139,45153,null,11,""N 145TH AVE"",""GOODYEAR"",""AZ"",85338,""US"",null,""602-531-",excel_location_completed.csv,1,YES,NO,
"[""LOGAN CAMPBELL"",""CORE CONSTRUCTION"",""AVONDALE AQUATICS CENTER"",44741,45293,45307,null,""SEC "",""AVONDALE BLVD & CIVIC CENTER DR "",""AVONDALE"",""AZ"",8532",excel_location_completed.csv,1,YES,NO,
"[""LOGAN CAMPBELL"",""CORE CONSTRUCTION"",""GOODYEAR FIRE STATION #188"",null,45313,45327,null,""NEC"",""HARRISON ST. & CITRUS"",""GOODYEAR"",""AZ"",null,null,null,",excel_location_completed.csv,1,YES,NO,
"[""Herve Gruner"",""CORE CONSTRUCTION"",""GRIC - POLICE DEPARTMENT"",null,45369,45383,null,""SWC"",""BLUEBIRD AVE & GU U KI STREET"",""SACATON"",""AZ"",null,""US"",nu",excel_location_completed.csv,1,YES,NO,
"[""LOGAN CAMPBELL"",""CORE CONSTRUCTION"",""TREVOR G BROWN HS ATHLETIC FIELDS "",null,45392,45406,null,7402,""W CATELINA DR "",""PHOENIX"",""AZ"",85033,""US"",null,",excel_location_completed.csv,1,YES,NO,
"[""Herve Gruner"",""CORE CONSTRUCTION"",""QCUSD - GPA"",null,45456,45470,null,5149,""SIGNAL BUTTE ROAD"",""MESA"",""AZ"",null,""US"",null,""623-258-3761"",""BROOKS DUN",excel_location_completed.csv,1,YES,NO,
"[""Herve Gruner"",""CORE CONSTRUCTION"",""SCHNEPF ELEMENTARY"",null,45491,45505,""I"",26161,""S 231ST STREET"",""QUEEN CREEK"",""AZ"",null,""US"",null,""480-599-7418 /",excel_location_completed.csv,1,YES,NO,
"[""Herve Gruner"",""CORE CONSTRUCTION"",""QCUSD - CRISMON HIGH SCHOOL"",null,45491,45505,""I"",21942,""RIGGS ROAD"",""QUEEN CREEK"",""AZ"",85142,""US"",null,""480-599-",excel_location_completed.csv,1,YES,NO,
"[""LOGAN CAMPBELL"",""CORE CONSTRUCTION  "",""ASU WEST CAMPUS LOT 4 RELOCATION"",null,45488,45502,""C"",4701,""W THUNDERBIRD RD"",""GLENDALE"",""AZ"",85304,""US"",nul",excel_location_completed.csv,1,YES,NO,
"[""LOGAN CAMPBELL"",""CORE CONSTRUCTION  "",""NWFD TRAINING CENTER - UTILITY & PAVEMENT "",""30 day"",45534,45562,""C"",5125,""W CAMINO DE FUEGO"",""MARANA"",""AZ"",8",excel_location_completed.csv,1,YES,NO,
"[""LOGAN CAMPBELL"",""CORE CONSTRUCTION"",""BLUE HORIZON FIRE STATION #707"",null,45663,45677,""C"",20080,""W YUMA ROAD"",""BUCKEYE"",""AZ"",85326,""US"",null,""602-88",excel_location_completed.csv,1,YES,NO,
"[""Herve Gruner"",""CORE CONSTRUCTION"",""CITY OF SCOTTSDALE FIRE DEPARTMENT TRAINING FACILITY"",null,45680,45694,""I"",1501,""E CURRY ROAD"",""TEMPE"",""AZ"",85281",excel_location_completed.csv,1,YES,NO,
"[""Herve Gruner"",""CORE CONSTRUCTION"",""NORTHEAST MESA PUBLIC SAFETY FACILITY"",null,45754,45768,""I"",1333,""N POWER ROAD"",""MESA"",""AZ"",85207,""US"",null,""480-",excel_location_completed.csv,1,YES,NO,
"[""LOGAN CAMPBELL"",""CORE CONSTRUCTION  "",""ASU WEST CAMPUS ACADEMIC & OFFICE BUILDING 918"",null,45777,45791,""C"",4873,""W VERDE MALL"",""GLENDALE"",""AZ"",8530",excel_location_completed.csv,1,YES,NO,
"[""Herve Gruner"",""CORE CONSTRUCTION"",""QQCUSD - BUILDING ADDITION AT EASTMARK HIGH SCHOOL"",null,45841,45855,""I"",9560,""E RAY ROAD"",""MESA"",""AZ"",85212,""US""",excel_location_completed.csv,1,YES,NO,
"[""Herve Gruner"",""CORE CONSTRUCTION"",""CRISMON HIGH SCHOOL ADDITIONS PHASE 3"",45507,45841,45855,""I"",21942,""E RIGGS ROAD"",""QUEEN CREEK"",""AZ"",85142,""US"",n",excel_location_completed.csv,1,YES,NO,
"[""LOGAN CAMPBELL"",""CORE CONSTRUCTION"",""LIBERTY ELEMENTARY SCHOOL #8"",null,45901,45915,""C"",18304,""W LOWER BUCKEYE RD"",""GOODYEAR"",""AZ"",null,""US"",null,""4",excel_location_completed.csv,1,YES,NO,
"[""LOGAN CAMPBELL"",""CORE CONSTRUCTION"",""UNION ELEMENTARY SCHOOL"",null,45896,45910,""I"",3834,""S 91ST AVE"",""TOLLESON"",""AZ"",85353,""US"",null,""623-309-6375"",",excel_location_completed.csv,1,YES,NO,
"{""Inspector"":""Herve Gruner"",""Company Name"":""CORE CONSTRUCTION"",""Job Name"":""GILBERT PUBLIC WORKS - NASC FUEL FACILITY"",""Install Date"":45607,""Building/H",excel_location_need_start.csv,1,YES,NO,
"{""Inspector"":""Herve Gruner"",""Company Name"":""CORE CONSTRUCTION"",""Job Name"":""GRIC PUBLIC SAFETY FACILITY #4"",""Install Date "":45530,""Last Insp"":46027,""Ne",excel_location_uploads.csv,1,YES,NO,
"{""Inspector"":""JAMES NEAL"",""Company Name"":""FINDORF"",""Job Name"":""CORE TEMPE HOUSE OF TRICKS 7TH ST RESIDENTIAL"",""Last Insp"":46021,""Next Insp"":46035,""C/I",excel_location_uploads.csv,1,YES,NO,
"{""Inspector"":""LOGAN CAMPBELL"",""Company Name"":""CORE CONSTRUCTION  "",""Job Name"":""LAVEEN SCHOOL NO. 10"",""Last Insp"":46021,""Next Insp"":46035,""C/I"":""I"",""Bu",excel_location_uploads.csv,1,YES,NO,
"{""Inspector"":""LOGAN CAMPBELL"",""Company Name"":""CORE CONSTRUCTION  "",""Job Name"":""CITY OF TUCSON - SOUTHSIDE PUBLIC SAFETY COMPLEX"",""Last Insp"":46023,""Ne",excel_location_uploads.csv,1,YES,NO,
"{""Inspector"":""LOGAN CAMPBELL"",""Company Name"":""CORE CONSTRUCTION  "",""Job Name"":""CAPSTONE APARTMENTS"",""Last Insp"":46023,""Next Insp"":46037,""C/I"":""C"",""Bui",excel_location_uploads.csv,1,YES,NO,
"{""Name"":""Core Construction"",""Location "":""PV Elementary #32"",""Memo"":""Picked up 3-28-12"",""Start Date"":""No Charge on  grates for this entrance"",""Pick up ",excel_rental_bv.csv,1,YES,NO,
"{""Name"":""Core Construction"",""Location "":""PV Elementary #32"",""Memo"":""Picked up 4-24-12"",""Whats rented"":""Grates"",""Start Date"":350,""Pick up date"":40758,""",excel_rental_bv.csv,1,YES,NO,
"{""Name"":""Core"",""Location "":""Kingswood Elementary"",""Memo"":""2 curb ramps, picked up 10-1-13"",""Pick up date"":41530,""Next billing Date "":""Billed to 10-30-",excel_rental_bv.csv,1,YES,NO,
"{""Name"":""Core"",""Location "":""Dysart Elementary"",""Memo"":""3 curb ramps"",""Whats rented"":""3 Curb Ramps"",""Start Date"":""Picked up 11-19-13"",""Next billing Dat",excel_rental_bv.csv,1,NO,NO,
"{""Name"":""Core"",""Location "":""Dysart Elementary"",""Memo"":""Track out grates"",""Start Date"":""Picked up 11-18-13"",""Next billing Date "":""Billed to 11-18-13""}",excel_rental_bv.csv,1,NO,NO,
"{""Name"":""Core Construction"",""Location "":""Museum of the West"",""Memo"":""Paint washout"",""Whats rented"":""Paint washout ($275/month with $.95/gal pump fee)""",excel_rental_bv.csv,1,YES,NO,
"{""Name"":""Core Construction"",""Location "":""Gilbert Public Safety"",""Memo"":""Grates"",""Whats rented"":""grates"",""Pick up date"":""6/17/2019. picked up 10-30-20""",excel_rental_bv.csv,1,YES,NO,
"{""Name"":""Core Construction"",""Location "":""Cherokee Elementary School"",""Memo"":""Grates"",""Whats rented"":""Grates"",""Pick up date"":""4/24/2020, Removed 4-3-21",excel_rental_bv.csv,1,YES,NO,
"{""Name"":""Core Construction"",""Location "":""Mesa Fire Station #221"",""Memo"":""6' ADA Curb Ramp"",""Pick up date"":""11/12/2020, picked up 10-18-21"",""Next billi",excel_rental_bv.csv,1,YES,NO,
"{""Name"":""Core "",""Location "":""Green Valley Fire # 152"",""Memo"":""Grates x 2"",""Start Date"":44930,""Pick up date"":45122,""Next billing Date "":45122}",excel_rental_bv.csv,1,YES,NO,
"{""Name"":""Core Construction"",""Location "":""Tavan Elementary"",""Memo"":""Grates"",""Start Date"":45107,""Pick up date"":45127,""Next billing Date "":45137}",excel_rental_bv.csv,1,YES,NO,
"{""Name"":""Core Construction"",""Location "":""CoP Fire Station #62"",""Memo"":""Grates"",""Start Date"":45195,""Pick up date"":45258,""Next billing Date "":45256}",excel_rental_bv.csv,1,YES,NO,
"{""Name"":""Core Construction"",""Location "":""NWFD Training"",""Memo"":""Plate Grates"",""Start Date"":45414,""Pick up date"":45567,""Next billing Date "":45567}",excel_rental_bv.csv,1,YES,NO,
"{""Name"":""Core Construction"",""Location "":""ASU West Academic Bldg"",""Memo"":""Grates"",""Start Date"":45520,""Pick up date"":45649,""Next billing Date "":45649}",excel_rental_bv.csv,1,YES,NO,
"{""Name"":""Core Construction"",""Location "":""QCUSD- Eastmark HS"",""Memo"":""Grates"",""Start Date"":45152,""Pick up date"":45898,""Next billing Date "":45898}",excel_rental_bv.csv,1,YES,NO,
Core Institute,excel_rental_swppp_numbers.csv,1,NO,YES,
"{""SWPPP Number"":""SW21-04"",""Contractor"":""Sonoran Quest"",""Job"":""Core Institute""}",excel_rental_swppp_numbers.csv,1,YES,NO,
"{""SWPPP Number"":""SW21-07"",""Contractor"":""Core Construction"",""Job"":""Mesa High School""}",excel_rental_swppp_numbers.csv,1,YES,NO,
"{""SWPPP Number"":""SW21-34"",""Contractor"":""Core Construction"",""Job"":""City of Eloy- Public Safety Facility""}",excel_rental_swppp_numbers.csv,1,YES,NO,
"{""SWPPP Number"":""SW21-93"",""Contractor"":""Core Construction"",""Job"":""CoT Fire Station #9""}",excel_rental_swppp_numbers.csv,1,YES,NO,
"{""SWPPP Number"":""SW21-185"",""Contractor"":""Core Construction"",""Job"":""QCUSD High School #3""}",excel_rental_swppp_numbers.csv,1,YES,NO,
"{""SWPPP Number"":""SW21-199"",""Contractor"":""Core Construction"",""Job"":""ASU Bateman""}",excel_rental_swppp_numbers.csv,1,YES,NO,
"{""SWPPP Number"":""SW21-218"",""Contractor"":""Core Construction"",""Job"":""City of Tucson Fire Station #8""}",excel_rental_swppp_numbers.csv,1,YES,NO,
"{""SWPPP Number"":""SW21-291"",""Contractor"":""Core Construction"",""Job"":""FedEX MobiDock""}",excel_rental_swppp_numbers.csv,1,YES,NO,
"{""SWPPP Number"":""SW21-299"",""Contractor"":""Core Construction"",""Job"":""Schnepf Elementary""}",excel_rental_swppp_numbers.csv,1,YES,NO,
"{""SWPPP Number"":""SW21-335"",""Contractor"":""Core Construction"",""Job"":""Rio Verde Station""}",excel_rental_swppp_numbers.csv,1,YES,NO,
"{""SWPPP Number"":""SW22-141"",""Contractor"":""Core Construction"",""Job"":""CoG Police dept Ph.2""}",excel_rental_swppp_numbers.csv,1,YES,NO,
"{""SWPPP Number"":""SW22-146"",""Contractor"":""Core Construction"",""Job"":""Greeway HS""}",excel_rental_swppp_numbers.csv,1,YES,NO,
"{""SWPPP Number"":""SW22-158"",""Contractor"":""Core Construction"",""Job"":""Apollo HS""}",excel_rental_swppp_numbers.csv,1,YES,NO,
"{""SWPPP Number"":""SW22-193"",""Contractor"":""Core Construction"",""Job"":""Avondale Aquatic Center""}",excel_rental_swppp_numbers.csv,1,YES,NO,
"{""SWPPP Number"":""SW22-254"",""Contractor"":""Core Construction"",""Job"":""City of Chandler Fire Station #282""}",excel_rental_swppp_numbers.csv,1,YES,NO,
"{""SWPPP Number"":""SW22-337"",""Contractor"":""Core Construction"",""Job"":""GRIC & PDCOT""}",excel_rental_swppp_numbers.csv,1,YES,NO,
"{""SWPPP Number"":""SW22-342"",""Contractor"":""Core Construction"",""Job"":""CofG- Fire Station #188""}",excel_rental_swppp_numbers.csv,1,YES,NO,
"{""SWPPP Number"":""SW22-388"",""Contractor"":""Core Construction"",""Job"":""Green Valley Fire Station #152""}",excel_rental_swppp_numbers.csv,1,YES,NO,
"{""SWPPP Number"":""SW23-92"",""Contractor"":""Core Construction"",""Job"":""CoS Fire Dept. TF 1501 E Curry Rd""}",excel_rental_swppp_numbers.csv,1,YES,NO,
"{""SWPPP Number"":""SW23-99"",""Contractor"":""Core Construction"",""Job"":""Kyrene Del Cielo""}",excel_rental_swppp_numbers.csv,1,YES,NO,
"{""SWPPP Number"":""SW23-134"",""Contractor"":""Core Construction"",""Job"":""CoM NE Public Safety Facility""}",excel_rental_swppp_numbers.csv,1,YES,NO,
"{""SWPPP Number"":""SW23-156"",""Contractor"":""Core Construction"",""Job"":""ASU West Academic Bldg""}",excel_rental_swppp_numbers.csv,1,YES,NO,
"{""SWPPP Number"":""SW23-163"",""Contractor"":""Core Construction"",""Job"":""Washington Elementary 4602 W Sweetwater""}",excel_rental_swppp_numbers.csv,1,YES,NO,
"{""SWPPP Number"":""SW23-192"",""Contractor"":""Core Construction"",""Job"":""Tavan Elementary- Phoenix""}",excel_rental_swppp_numbers.csv,1,YES,NO,
"{""SWPPP Number"":""SW23-246"",""Contractor"":""Core Construction"",""Job"":""QCUSD Eastmark HS""}",excel_rental_swppp_numbers.csv,1,YES,NO,
"{""SWPPP Number"":""SW23-266"",""Contractor"":""Core Construction"",""Job"":""Schnepf Elementary""}",excel_rental_swppp_numbers.csv,1,YES,NO,
"{""SWPPP Number"":""SW23-278"",""Contractor"":""Core Construction"",""Job"":""CoP Fire Station #62""}",excel_rental_swppp_numbers.csv,1,YES,NO,
"{""SWPPP Number"":""SW23-287"",""Contractor"":""Core Construction"",""Job"":""QCUSD- GPA""}",excel_rental_swppp_numbers.csv,1,YES,NO,
"{""SWPPP Number"":""SW23-299"",""Contractor"":""Core Construction"",""Job"":""PUHSD- Trevor G. Browne""}",excel_rental_swppp_numbers.csv,1,YES,NO,
"{""SWPPP Number"":""SW23-312"",""Contractor"":""Core Construction"",""Job"":""QCUSD- Polytechnic""}",excel_rental_swppp_numbers.csv,1,YES,NO,
"{""SWPPP Number"":""SW23-358"",""Contractor"":""Core Construction"",""Job"":""Casa Grande Fire Station 503""}",excel_rental_swppp_numbers.csv,1,YES,NO,
"{""SWPPP Number"":""SW23-365"",""Contractor"":""Core Construction"",""Job"":""CoB Blue Horizon Fire Station #707""}",excel_rental_swppp_numbers.csv,1,YES,NO,
"{""SWPPP Number"":""SW24-41"",""Contractor"":""Core Construction"",""Job"":""Crismon HS Ph. 2 Sports Field""}",excel_rental_swppp_numbers.csv,1,YES,NO,
"{""SWPPP Number"":""SW24-93"",""Contractor"":""Core Construction"",""Job"":""ASU- West Campus Lot #4""}",excel_rental_swppp_numbers.csv,1,YES,NO,
"{""SWPPP Number"":""SW24-99"",""Contractor"":""Core Construction"",""Job"":""QCUSD- Eastmark HS Baseball & Softball""}",excel_rental_swppp_numbers.csv,1,YES,NO,
"{""SWPPP Number"":""SW24-104"",""Contractor"":""Core Construction"",""Job"":""NWFD Training- Utility Relocation""}",excel_rental_swppp_numbers.csv,1,YES,NO,
"{""SWPPP Number"":""SW24-143"",""Contractor"":""Core Construction"",""Job"":""PUHSD- Trevor G. Browne Ph.2""}",excel_rental_swppp_numbers.csv,1,YES,NO,
"{""SWPPP Number"":""SW24-181"",""Contractor"":""Core Construction"",""Job"":""Union Elementary School""}",excel_rental_swppp_numbers.csv,1,YES,NO,
"{""SWPPP Number"":""SW24-189"",""Contractor"":""Core Construction"",""Job"":""Southside Public Safety""}",excel_rental_swppp_numbers.csv,1,YES,NO,
"{""SWPPP Number"":""SW24-218"",""Contractor"":""Core Construction"",""Job"":""CoT Southside PSC""}",excel_rental_swppp_numbers.csv,1,YES,NO,
"{""SWPPP Number"":""SW24-232"",""Contractor"":""Core Construction"",""Job"":""Marshall Elementary""}",excel_rental_swppp_numbers.csv,1,YES,NO,
"{""SWPPP Number"":""SW24-264"",""Contractor"":""Core Construction"",""Job"":""Alba Softball Stadium""}",excel_rental_swppp_numbers.csv,1,YES,NO,
"{""SWPPP Number"":""SW24-267"",""Contractor"":""Core Construction"",""Job"":""Crismon Additions Ph.3""}",excel_rental_swppp_numbers.csv,1,YES,NO,
"{""SWPPP Number"":""SW24-274"",""Contractor"":""Core Construction"",""Job"":""GRIC & PSFCOT- District #4 Public Safety""}",excel_rental_swppp_numbers.csv,1,YES,NO,
"{""SWPPP Number"":""SW24-289"",""Contractor"":""Core Construction"",""Job"":""Liberty Elementary #8""}",excel_rental_swppp_numbers.csv,1,YES,NO,
"{""SWPPP Number"":""SW24-332"",""Contractor"":""Core Construction"",""Job"":""ToG NASC Fuel Facility""}",excel_rental_swppp_numbers.csv,1,YES,NO,
"{""SWPPP Number"":""SW25-61"",""Contractor"":""Core"",""Job"":""Capstone Apartments""}",excel_rental_swppp_numbers.csv,1,YES,NO,
"{""SWPPP Number"":""SW25-83"",""Contractor"":""Core Construction"",""Job"":""Litchfield Elementary #17""}",excel_rental_swppp_numbers.csv,1,YES,NO,
"{""SWPPP Number"":""SW25-375"",""Contractor"":""Core"",""Job"":""Laveen School NO. 10""}",excel_rental_swppp_numbers.csv,1,YES,NO,
"{""SWPPP Number"":""SW25-382"",""Contractor"":""Core "",""Job"":""Connolly Middle School""}",excel_rental_swppp_numbers.csv,1,YES,NO,
"{""SWPPP Number"":""SW25-387"",""Contractor"":""Core "",""Job"":""Curry Elemantary""}",excel_rental_swppp_numbers.csv,1,YES,NO,
"{""SWPPP Number"":""SW25-393"",""Contractor"":""Core "",""Job"":""Kinsey Elemantary""}",excel_rental_swppp_numbers.csv,1,YES,NO,
"{""Install Date"":45691,""OWNER/ CONTRACTOR"":""Core Construction"",""JOB NAME"":""ASU West Campus Academic and Office Building 918"",""__EMPTY"":""4873 West Verde",excel_swppp_bv.csv,1,YES,NO,
"{""Install Date"":45693,""OWNER/ CONTRACTOR"":""Core Construction "",""JOB NAME"":""GRIC District 4 Public Safety Facility"",""__EMPTY"":""2278 Stotonic Road Sacat",excel_swppp_bv.csv,1,YES,NO,
"{""Install Date"":45719,""OWNER/ CONTRACTOR"":""Core Construction"",""JOB NAME"":""Capstone Apartments"",""__EMPTY"":""800 East Speedway Blvd Tucson, AZ 85719"",""CO",excel_swppp_bv.csv,1,YES,NO,
"{""Install Date"":45721,""OWNER/ CONTRACTOR"":""Core Construction"",""JOB NAME"":""Capstone Apartments"",""__EMPTY"":""800 East Speedway Blvd Tucson, AZ 85719"",""CO",excel_swppp_bv.csv,1,YES,NO,
"{""Install Date"":45722,""OWNER/ CONTRACTOR"":""Core Construction"",""JOB NAME"":""Capstone Apartments"",""__EMPTY"":""800 East Speedway Blvd Tucson, AZ 85719"",""CO",excel_swppp_bv.csv,1,YES,NO,
"{""Install Date"":45729,""OWNER/ CONTRACTOR"":""Core Construction"",""JOB NAME"":""Liberty Elementary School #8"",""__EMPTY"":""(Use 183rd Ave and Lower Buckeye) (",excel_swppp_bv.csv,1,YES,NO,
"{""Install Date"":45730,""OWNER/ CONTRACTOR"":""Core Construction"",""JOB NAME"":""QCUSD - Building Addition at Eastmark HS"",""__EMPTY"":""9560 E Ray Road Mesa, A",excel_swppp_bv.csv,1,YES,NO,
"{""Install Date"":45735,""OWNER/ CONTRACTOR"":""Core Construction"",""JOB NAME"":""Maricopa County Election Facility"",""__EMPTY"":""901 West Jefferson Street Phoe",excel_swppp_bv.csv,1,YES,NO,
"{""Install Date"":45739,""OWNER/ CONTRACTOR"":""Core Construction"",""JOB NAME"":""Litchfield Elementary School # 17"",""__EMPTY"":""SWC of Glendale Ave & Perryvil",excel_swppp_bv.csv,1,YES,NO,
"{""Install Date"":45750,""OWNER/ CONTRACTOR"":""Core Construction"",""JOB NAME"":""Maricopa County Election Facility"",""__EMPTY"":""901 West Jefferson Street Phoe",excel_swppp_bv.csv,1,YES,NO,
"{""Install Date"":45789,""OWNER/ CONTRACTOR"":""Core Construction"",""JOB NAME"":""Litchfield Elementary School # 17"",""__EMPTY"":""SWC of Glendale Ave & Perryvil",excel_swppp_bv.csv,1,YES,NO,
"{""Install Date"":45790,""OWNER/ CONTRACTOR"":""Core Construction"",""JOB NAME"":""Litchfield Elementary School # 17"",""__EMPTY"":""SWC of Glendale Ave & Perryvil",excel_swppp_bv.csv,1,YES,NO,
"{""Install Date"":45847,""OWNER/ CONTRACTOR"":""Core Construction"",""JOB NAME"":""Union Elementary School"",""__EMPTY"":""3834 S 91st Avenue Tolleson, AZ 85353"",""",excel_swppp_bv.csv,1,YES,NO,
"{""Install Date"":45854,""OWNER/ CONTRACTOR"":""Core Construction"",""JOB NAME"":""Waggoner Elementary Park Renovation"",""__EMPTY"":""1100 E Carver Rd, Tempe, AZ ",excel_swppp_bv.csv,1,YES,NO,
"{""Install Date"":45859,""OWNER/ CONTRACTOR"":""Core Construction"",""JOB NAME"":""Waggoner Elementary Park Renovation"",""__EMPTY"":""1100 E Carver Rd, Tempe, AZ ",excel_swppp_bv.csv,1,YES,NO,
"{""Install Date"":45898,""OWNER/ CONTRACTOR"":""Core Construction"",""JOB NAME"":""QCUSD - Building Addition at Eastmark HS"",""__EMPTY"":""9560 E Ray Road Mesa, A",excel_swppp_bv.csv,1,YES,NO,
"{""Install Date"":45906,""OWNER/ CONTRACTOR"":""Core Construction"",""JOB NAME"":""Kiwanis Park Improvements"",""CONTACT"":""???"",""PHONE #"":""???"",""WORK DESCRIPTION",excel_swppp_bv.csv,1,YES,NO,
"{""Install Date"":45908,""OWNER/ CONTRACTOR"":""Core Construction"",""JOB NAME"":""Capstone Apartments"",""__EMPTY"":""800 East Speedway Blvd Tucson, AZ 85719"",""CO",excel_swppp_bv.csv,1,YES,NO,
"{""Install Date"":45908,""OWNER/ CONTRACTOR"":""Core Construction"",""JOB NAME"":""Kiwanis Park Improvements"",""CONTACT"":""???"",""PHONE #"":""???"",""WORK DESCRIPTION",excel_swppp_bv.csv,1,YES,NO,
"{""Install Date"":45908,""OWNER/ CONTRACTOR"":""Core Construction "",""JOB NAME"":""GRIC District 4 Public Safety Facility"",""__EMPTY"":""2278 Stotonic Road Sacat",excel_swppp_bv.csv,1,YES,NO,
"{""Install Date"":45911,""OWNER/ CONTRACTOR"":""Core Construction"",""JOB NAME"":""Kiwanis Park Improvements"",""CONTACT"":""???"",""PHONE #"":""???"",""WORK DESCRIPTION",excel_swppp_bv.csv,1,YES,NO,
Core Tempe House of Tricks - 7th Street Development  (AKA 7th Street Residential),excel_swppp_bv.csv,1,NO,NO,
"{""Install Date"":45962,""OWNER/ CONTRACTOR"":""Findorf"",""JOB NAME"":""Core Tempe House of Tricks - 7th Street Development  (AKA 7th Street Residential)"",""__",excel_swppp_bv.csv,1,YES,NO,
"{""Install Date"":45974,""OWNER/ CONTRACTOR"":""Findorff/Treehouse"",""JOB NAME"":""Core Tempe House off Tricks - 7th Street Development  (AKA 7th Street Resid",excel_swppp_bv.csv,1,YES,NO,
"{""Install Date"":45985,""OWNER/ CONTRACTOR"":""Findorff/Treehouse"",""JOB NAME"":""Core Tempe House off Tricks - 7th Street Development  (AKA 7th Street Resid",excel_swppp_bv.csv,1,YES,NO,
"{""Install Date"":46007,""OWNER/ CONTRACTOR"":""Core Construction"",""JOB NAME"":""Laveen School NO. 10"",""__EMPTY"":""9700 S 57th Avenue Laveen, AZ 85339"",""CONTA",excel_swppp_bv.csv,1,YES,NO,
"{""Install Date"":46013,""OWNER/ CONTRACTOR"":""Core Construction"",""JOB NAME"":""Connolly Middle School"",""__EMPTY"":""2002 E Concorda Drive Tempe, AZ 85282"",""C",excel_swppp_bv.csv,1,YES,NO,
"{""Install Date"":46015,""OWNER/ CONTRACTOR"":""Core Construction"",""JOB NAME"":""Connolly Middle School"",""__EMPTY"":""2002 E Concorda Drive Tempe, AZ 85282"",""C",excel_swppp_bv.csv,1,YES,NO,
"{""Install Date"":46017,""OWNER/ CONTRACTOR"":""Core Construction"",""JOB NAME"":""Curry Elementary School"",""__EMPTY"":""1974 E Meadow Drive Tempe, AZ 85282"",""CO",excel_swppp_bv.csv,1,YES,NO,
"{""Install Date"":46020,""OWNER/ CONTRACTOR"":""Core Construction"",""JOB NAME"":""Flagstaff USD - New Kinsey Elementary School"",""__EMPTY"":""Zuni Drive & S Lone",excel_swppp_bv.csv,1,YES,NO,
"{""Install Date"":46021,""OWNER/ CONTRACTOR"":""Core Construction"",""JOB NAME"":""Flagstaff USD - New Kinsey Elementary School"",""__EMPTY"":""Zuni Drive & S Lone",excel_swppp_bv.csv,1,YES,NO,
"{""Install Date"":46035,""OWNER/ CONTRACTOR"":""Core Construction"",""JOB NAME"":""Laveen School NO. 10"",""__EMPTY"":""9700 S 57th Avenue Laveen, AZ 85339"",""CONTA",excel_swppp_bv.csv,1,YES,NO,
"{""Date"":46049,""OWNER/ CONTRACTOR"":""Core Construction"",""JOB NAME"":""Laveen School NO. 10"",""ADDRESS"":""9700 S 57th Avenue Laveen, AZ 85339"",""CONTACT"":""Jar",excel_swppp_confirmed.csv,1,YES,NO,
Core Construction                                              (Job 22-01-009),excel_wt_sw.csv,1,YES,NO,
"{""Active"":""Active"",""Job ID"":""A-24-14"",""Customer"":""Core Construction                                              (Job 22-01-009)"",""Location "":""NorthEa",excel_wt_sw.csv,1,YES,NO,
Core Construction                                        (Job # 22-01-030),excel_wt_sw.csv,1,YES,NO,
"{""Active"":""Active"",""Job ID"":""A-24-06"",""Customer"":""Core Construction                                        (Job # 22-01-030)"",""Location "":""Kyrene Scho",excel_wt_sw.csv,1,YES,NO,
Core Construction                                        (Job # 23-01-027),excel_wt_sw.csv,1,YES,NO,
"{""Active"":""Active"",""Job ID"":""A-24-18"",""Customer"":""Core Construction                                        (Job # 23-01-027)"",""Location "":""Union Eleme",excel_wt_sw.csv,1,YES,NO,
Core Construction                                        (Job # 24-01-004),excel_wt_sw.csv,1,YES,NO,
"{""Active"":""Active"",""Job ID"":""A-24-332"",""Customer"":""Core Construction                                        (Job # 24-01-004)"",""Location "":""Palo Verde",excel_wt_sw.csv,1,YES,NO,
Core Construction                                       (Job # 22-01-008) Textura,excel_wt_sw.csv,1,YES,NO,
"{""Active"":""Active"",""Job ID"":""A-24-158"",""Customer"":""Core Construction                                       (Job # 22-01-008) Textura"",""Location "":""COS",excel_wt_sw.csv,1,YES,NO,
Core Construction                                       (Job # 22-01-023),excel_wt_sw.csv,1,YES,NO,
"{""Active"":""Active"",""Job ID"":""A-23-321"",""Customer"":""Core Construction                                       (Job # 22-01-023)"",""Location "":""COS Fire De",excel_wt_sw.csv,1,YES,NO,
Core Construction                                       (Job # 23.01.013),excel_wt_sw.csv,1,YES,NO,
"{""Active"":""Active"",""Job ID"":""A-24-305"",""Customer"":""Core Construction                                       (Job # 23.01.013)"",""Location "":""Perry High ",excel_wt_sw.csv,1,YES,NO,
Core Construction                                      (Job # 23-01-016),excel_wt_sw.csv,1,YES,NO,
"{""Active"":""Active"",""Job ID"":""A-24-11"",""Customer"":""Core Construction                                      (Job # 23-01-016)"",""Location "":""Schnepf Eleme",excel_wt_sw.csv,1,YES,NO,
Core Construction                                    (Job # 23-01-006),excel_wt_sw.csv,1,YES,NO,
"{""Active"":""Active"",""Job ID"":""A-25-675"",""Customer"":""Core Construction                                    (Job # 23-01-006)                  "",""Location",excel_wt_sw.csv,1,YES,NO,
Core Construction                                   (Job 23-01-005) Kendra said paying by invoice,excel_wt_sw.csv,1,YES,NO,
"{""Active"":""Active"",""Job ID"":""A-23-447"",""Customer"":""Core Construction                                   (Job 23-01-005) Kendra said paying by invoice"",",excel_wt_sw.csv,1,YES,NO,
Core Construction                                 (Job # 22-04-222),excel_wt_sw.csv,1,YES,NO,
"{""Active"":""Active"",""Job ID"":""A-24-208"",""Customer"":""Core Construction                                 (Job # 22-04-222)"",""Location "":""Osborn School Dis",excel_wt_sw.csv,1,YES,NO,
Core Construction                                (Job 22-01-022),excel_wt_sw.csv,1,YES,NO,
"{""Active"":""Active"",""Job ID"":""A-24-308"",""Customer"":""Core Construction                                (Job 22-01-022)"",""Location "":""75 E Civic Center Dr",excel_wt_sw.csv,1,YES,NO,
Core Construction                                (Job 23-01-016),excel_wt_sw.csv,1,YES,NO,
"{""Active"":""Active"",""Job ID"":""A-23-487"",""Customer"":""Core Construction                                (Job 23-01-016)"",""Location "":""QCUSD - Crismon High",excel_wt_sw.csv,1,YES,NO,
Core Construction                               (Job # 23-01-017),excel_wt_sw.csv,1,YES,NO,
"{""Active"":""Active"",""Job ID"":""A-23-527"",""Customer"":""Core Construction                               (Job # 23-01-017)"",""Location "":""Eastmark High Schoo",excel_wt_sw.csv,1,YES,NO,
Core Construction                              (Job # ) Mark 602-908-2535,excel_wt_sw.csv,1,YES,NO,
"{""Active"":""Active"",""Job ID"":""A-24-463"",""Customer"":""Core Construction                              (Job # ) Mark 602-908-2535 "",""Location "":""Papago Ari",excel_wt_sw.csv,1,YES,NO,
Core Construction                              (Job # 21-01-023) (Add drive time),excel_wt_sw.csv,1,YES,NO,
"{""Active"":""Active"",""Job ID"":""A-23-558"",""Customer"":""Core Construction                              (Job # 21-01-023) (Add drive time)"",""Location "":""Sac",excel_wt_sw.csv,1,YES,NO,
Core Construction                              (Job # 99-99-999),excel_wt_sw.csv,1,YES,NO,
"{""Active"":""Active"",""Job ID"":""A-23-436"",""Customer"":""Core Construction                              (Job # 99-99-999)"",""Location "":""Riverview Elementary",excel_wt_sw.csv,1,YES,NO,
Core Construction                            (Job #24-04-168),excel_wt_sw.csv,1,YES,NO,
"{""Active"":""Active"",""Job ID"":""A-25-370"",""Customer"":""Core Construction                            (Job #24-04-168)"",""Location "":""Marcos de Niza High Sch",excel_wt_sw.csv,1,YES,NO,
Core Construction                          (23-01-023),excel_wt_sw.csv,1,YES,NO,
"{""Active"":""Active"",""Job ID"":""A-24-90"",""Customer"":""Core Construction                          (23-01-023)"",""Location "":""New Police Evidence Storage Fac",excel_wt_sw.csv,1,YES,NO,
Core Construction                          (Job # 1-23-01-019),excel_wt_sw.csv,1,YES,NO,
"{""Active"":""Active"",""Job ID"":""A-24-532"",""Customer"":""Core Construction                          (Job # 1-23-01-019)"",""Location "":""CoB Fire Station 707 (",excel_wt_sw.csv,1,YES,NO,
Core Construction                          (Job # 22-01-004),excel_wt_sw.csv,1,YES,NO,
"{""Active"":""Active"",""Job ID"":""A-24-211"",""Customer"":""Core Construction                          (Job # 22-01-004)"",""Location "":""CoA - Avondale Aquatic C",excel_wt_sw.csv,1,YES,NO,
Core Construction                          (Job # 23.01.013),excel_wt_sw.csv,1,YES,NO,
"{""Active"":""Active"",""Job ID"":""A-24-229"",""Customer"":""Core Construction                          (Job # 23.01.013)"",""Location "":""Chandler High School (35",excel_wt_sw.csv,1,YES,NO,
Core Construction                          (Job # 23-01-022),excel_wt_sw.csv,1,YES,NO,
"{""Active"":""Active"",""Job ID"":""A-24-182"",""Customer"":""Core Construction                          (Job # 23-01-022)"",""Location "":""COG Fire Department  (14",excel_wt_sw.csv,1,YES,NO,
Core Construction                          (Job # 24-01-012),excel_wt_sw.csv,1,YES,NO,
"{""Active"":""Active"",""Job ID"":""A25-419"",""Customer"":""Core Construction                          (Job # 24-01-012)"",""Location "":""Crismon Junior High Schoo",excel_wt_sw.csv,1,YES,NO,
Core Construction                          (Job # 24-01-016 ),excel_wt_sw.csv,1,YES,NO,
"{""Active"":""Active"",""Job ID"":""A-26-01"",""Customer"":""Core Construction                          (Job # 24-01-016 )"",""Location "":""Desert Horizon Elementar",excel_wt_sw.csv,1,YES,NO,
Core Construction                          (Job # 24-01-026),excel_wt_sw.csv,1,YES,NO,
"{""Active"":""Active"",""Job ID"":""A-25-331"",""Customer"":""Core Construction                          (Job # 24-01-026)"",""Location "":""Maricopa County Election",excel_wt_sw.csv,1,YES,NO,
Core Construction                          (Job #24-02-001),excel_wt_sw.csv,1,YES,NO,
"{""Active"":""Active"",""Job ID"":""A-25-69"",""Customer"":""Core Construction                          (Job #24-02-001)"",""Location "":""ToG Public Works NASC Fuel",excel_wt_sw.csv,1,YES,NO,
Core Construction                          (Job #2404083),excel_wt_sw.csv,1,YES,NO,
"{""Active"":""Active"",""Job ID"":""A-24-374"",""Customer"":""Core Construction                          (Job #2404083)"",""Location "":""Arizona Desert Site (8803 W",excel_wt_sw.csv,1,YES,NO,
Core Construction                          (Job #25-04-005),excel_wt_sw.csv,1,YES,NO,
"{""Active"":""Active"",""Job ID"":""A-25-344"",""Customer"":""Core Construction                          (Job #25-04-005)"",""Location "":""Waggoner Elementary Park ",excel_wt_sw.csv,1,YES,NO,
Core Construction                         (Job 1-23-01-181),excel_wt_sw.csv,1,YES,NO,
"{""Active"":""Active"",""Job ID"":""A-24-62"",""Customer"":""Core Construction                         (Job 1-23-01-181)"",""Location "":""Maricopa County Center (51",excel_wt_sw.csv,1,YES,NO,
Core Construction                         (Job 24-04-168005),excel_wt_sw.csv,1,YES,NO,
"{""Active"":""Active"",""Job ID"":""A-25-349"",""Customer"":""Core Construction                         (Job 24-04-168005)"",""Location "":""Tempe UHSD MDN & CDS ""}",excel_wt_sw.csv,1,YES,NO,
Core Construction                        Job # 23-02-001,excel_wt_sw.csv,1,YES,NO,
"{""Active"":""Active"",""Job ID"":""A-24-540"",""Customer"":""Core Construction                        Job # 23-02-001"",""Location "":""CoS Scottsdale Museum of the",excel_wt_sw.csv,1,YES,NO,
Core Construction                        Job # 25-01-002,excel_wt_sw.csv,1,YES,NO,
"{""Active"":""Active"",""Job ID"":""A-25-515"",""Customer"":""Core Construction                        Job # 25-01-002"",""Location "":""Litchfield Elementary School",excel_wt_sw.csv,1,YES,NO,
Core Construction                      (Job number 25-04-006),excel_wt_sw.csv,1,YES,NO,
"{""Active"":""Active"",""Job ID"":""A-25-336"",""Customer"":""Core Construction                      (Job number 25-04-006)"",""Location "":""Kiwanis Parks (6111 S A",excel_wt_sw.csv,1,YES,NO,
Core Construction                    (Job # 23.01.025),excel_wt_sw.csv,1,YES,NO,
"{""Active"":""Active"",""Job ID"":""A-24-441"",""Customer"":""Core Construction                    (Job # 23.01.025)"",""Location "":""Maricopa County Sheriff's Offi",excel_wt_sw.csv,1,YES,NO,
Core Construction                   (Job # 23-04-073)       Rob 480-285-7533,excel_wt_sw.csv,1,YES,NO,
"{""Active"":""Active"",""Job ID"":""A-24-96"",""Customer"":""Core Construction                   (Job # 23-04-073)       Rob 480-285-7533"",""Location "":""DVUSD Nor",excel_wt_sw.csv,1,YES,NO,
Core Construction                 (Job # 25-01-010),excel_wt_sw.csv,1,YES,NO,
"{""Active"":""Active"",""Job ID"":""A-25-453"",""Customer"":""Core Construction                 (Job # 25-01-010)"",""Location "":""Laveen Pre K thru 8th (59th Ave a",excel_wt_sw.csv,1,YES,NO,
Core Construction                (Job # 2404209),excel_wt_sw.csv,1,YES,NO,
"{""Active"":""Active"",""Job ID"":""A-25-449"",""Customer"":""Core Construction                (Job # 2404209)"",""Location "":""Moon Valley High School (3625 W Cact",excel_wt_sw.csv,1,YES,NO,
Core Construction            (Job # 24-01-017),excel_wt_sw.csv,1,YES,NO,
"{""Active"":""Active"",""Job ID"":""A-25-408"",""Customer"":""Core Construction            (Job # 24-01-017)"",""Location "":""Liberty ESD School (18304 W Lower Buck",excel_wt_sw.csv,1,YES,NO,
Core Construction            (Job # 24-04-168 per Jesus as Marcos De Niza),excel_wt_sw.csv,1,YES,NO,
"{""Active"":""Active"",""Job ID"":""A-25-371"",""Customer"":""Core Construction            (Job # 24-04-168 per Jesus as Marcos De Niza)"",""Location "":""Corona Del",excel_wt_sw.csv,1,YES,NO,
Core Construction            (Job # 32-01-020),excel_wt_sw.csv,1,YES,NO,
"{""Active"":""Active"",""Job ID"":""A-25-412"",""Customer"":""Core Construction            (Job # 32-01-020)"",""Location "":""Trevor Browne  (3201 N 75th Ave)"",""25-",excel_wt_sw.csv,1,YES,NO,
Core Construction            (Job #25-01-019 ),excel_wt_sw.csv,1,YES,NO,
"{""Active"":""Active"",""Job ID"":""A-26-07"",""Customer"":""Core Construction            (Job #25-01-019 )"",""Location "":""Connolly Middle School (2002 E Concorda",excel_wt_sw.csv,1,YES,NO,
"{""Active"":""Active"",""Job ID"":""A-23-464"",""Customer"":""Core Construction            ******Need Job Numbers*****"",""Location "":""Peoria Fire Department #193 ",excel_wt_sw.csv,1,YES,NO,
"{""Active"":""Active"",""Job ID"":""A-25-660"",""Customer"":""Core Construction            ******Need Job Numbers*****"",""Location "":""Thunderbird High School (175",excel_wt_sw.csv,1,YES,NO,
Core Construction          (Brooks 623-258-3761)(Job # 23-01-017),excel_wt_sw.csv,1,YES,NO,
"{""Active"":""Active"",""Job ID"":""A-24-31"",""Customer"":""Core Construction          (Brooks 623-258-3761)(Job # 23-01-017)"",""Location "":""QCUSD - Gateway Poly",excel_wt_sw.csv,1,YES,NO,
Core Construction         (COR to craigcummings@coreconstruction.com & Peter),excel_wt_sw.csv,1,YES,NO,
"{""Active"":""Active"",""Job ID"":""A-23-299"",""Customer"":""Core Construction         (COR to craigcummings@coreconstruction.com & Peter)"",""Location "":""ASU Wes",excel_wt_sw.csv,1,YES,NO,
Core Construction         (Job # 23-01-013)  Larry 602-695-3190,excel_wt_sw.csv,1,YES,NO,
"{""Active"":""Active"",""Job ID"":""A-24-465"",""Customer"":""Core Construction         (Job # 23-01-013)  Larry 602-695-3190"",""Location "":""Hamilton High School ",excel_wt_sw.csv,1,YES,NO,
Core Construction         ****Need Job Numbers**(Job # 23-01-020),excel_wt_sw.csv,1,YES,NO,
"{""Active"":""Active"",""Job ID"":""A-24-149"",""Customer"":""Core Construction         ****Need Job Numbers**(Job # 23-01-020)"",""Location "":""PUHSD - Trevor G Br",excel_wt_sw.csv,1,YES,NO,
Core Construction         ****Need Job Numbers***    (Job # 2404014),excel_wt_sw.csv,1,YES,NO,
"{""Active"":""Active"",""Job ID"":""A-24-358"",""Customer"":""Core Construction         ****Need Job Numbers***    (Job # 2404014)"",""Location "":""McClintock High ",excel_wt_sw.csv,1,YES,NO,
Core Construction         ***Need Job Numbers***     (Job #2404015),excel_wt_sw.csv,1,YES,NO,
"{""Active"":""Active"",""Job ID"":""A-24-359"",""Customer"":""Core Construction         ***Need Job Numbers***     (Job #2404015)"",""Location "":""Tempe High School",excel_wt_sw.csv,1,YES,NO,
"{""Active"":""Active"",""Job ID"":""A-24-356"",""Customer"":""Core Ready Mix"",""Location "":""26215 W Miami""}",excel_wt_sw.csv,1,YES,NO,
"{""Active"":""Active"",""Job ID"":""A-24-357"",""Customer"":""Core Ready Mix"",""Location "":""Sarival Ave & Van Buren""}",excel_wt_sw.csv,1,YES,NO,
"{""Active"":""Active"",""Job ID"":""A-24-393"",""Customer"":""Core Ready Mix"",""Location "":""Happy Valley Road and 107th Ave""}",excel_wt_sw.csv,1,YES,NO,
"{""Active"":""Active"",""Job ID"":""A-24-396"",""Customer"":""Core Ready Mix"",""Location "":""12039 E Primrose""}",excel_wt_sw.csv,1,YES,NO,
"{""Active"":""Active"",""Job ID"":""A-25-397"",""Customer"":""Core Ready Mix"",""Location "":""8713 E Sheridan "",""23-Jul"":"".75sw"",""5-Aug"":"".50sw  (John 602-516-4467 ",excel_wt_sw.csv,1,YES,NO,
"{""Active"":""Active"",""Job ID"":""A-25-560"",""Customer"":""Core Ready Mix"",""Location "":""17th Ave and Loop 202"",""6-Oct"":""1sw (PO 3P60755)""}",excel_wt_sw.csv,1,YES,NO,
"{""Active"":""Active"",""Job ID"":""A-25-594"",""Customer"":""Core Ready Mix"",""Location "":""18263 Cielo Grande Ave"",""29-Oct"":""1.5sw"",""10-Nov"":""2.75sw""}",excel_wt_sw.csv,1,YES,NO,
"{""Active"":""Active"",""Job ID"":""A-25-657"",""Customer"":""Core Ready Mix"",""Location "":""6489 W Patriot "",""6-Dec"":""2sw"",""8-Dec"":""2sw""}",excel_wt_sw.csv,1,YES,NO,
