contractor_canonical_name,project_name,project_address,source_file,job_id_if_any
ar mays,PARK 10 SHOPS B,10331 W MCDOWELL RD,excel_location_completed.csv,540914
ar mays,CAVE CREEK CROSSING,5450 E CAREFREE HWY,excel_location_completed.csv,76086
ar mays,MIRABEL GOLF CLUBHOUSE,37100 N MIRABEL CLUB DR,excel_location_completed.csv,
ar mays,CITY NORTH PH2,5515 E DEER VALLEY DR,excel_location_completed.csv,75949
ar mays,999 PLAYA,999 E PLAYA NORTE DRIVE,excel_location_completed.csv,
ar mays,FAT CATS- QUEEN CREEK,NWC RIGGS ROAD & ELLSWORTH RD,excel_location_completed.csv,
ar mays,PINAL COUNTY SAN TAN,31500 N SCHNEPF ROAD,excel_location_completed.csv,
ar mays,RESIDENCE INN (SRPMIC),5201 N PIMA RD,excel_location_completed.csv,
ar mays,LAVEENE PARK PLACE PHASE I,6120 W BASELINE RD,excel_location_completed.csv,73820
ar mays,CARSENSE- SCOTTSDALE,3305 N 89TH STREET,excel_location_completed.csv,
ar mays,TEMPE MARKET STATION,1929 E RIO SALADO,excel_location_completed.csv,N.D.C
brycon,FM INDUSTRIES PHOENIX FAC,2635 E MAGNOLIS ST,excel_location_completed.csv,
brycon,CHANDLER AIR PRODUCTS,275 S PRICE RD,excel_location_completed.csv,
brycon,TOY BARN CHANDLER,SWC SWC DOUGLAS DR. & STEARMAN DR,excel_location_completed.csv,
brycon,TOY BARN CAVE CREEK,31606 N CAVE CREEK RD,excel_location_completed.csv,78839
brycon,UNIVERSITY BUSINESS CENTER,624 S RIVER DRIVE,excel_location_completed.csv,77974
brycon,J.B HENDERSON,1675 N DELAWARE ST,excel_location_completed.csv,89215
caliente,HIGLEY BARNS,3545 E WILLIAMSFIELD ROAD,excel_location_completed.csv,N.D.C.
gcon,SYNERGY-GYM & CLASSROOM,2701 W BETHANY HOME RD,excel_location_completed.csv,88265
gcon,DANIEL C GAINEY ESTATE CLUB,7720 E GAINEY RANCH RD,excel_location_completed.csv,86142
gcon,FALCON FIELD HANGARS PH 2,4603 E MALLORY CIR,excel_location_completed.csv,84455
haydon,LEGACY SPORTS AND ENTERTAINMENT,SEC ELLSWORTH AND PECOS,excel_location_completed.csv,
haydon,COOLIDGE NORTHERN AVENUE ROAD IMPROVMENTS,860 W NORTHERN AVE,excel_location_completed.csv,89835
haydon,NUESTRO PARK,1433 S 9TH ST,excel_location_completed.csv,90788
holder,FOX TECHNOLOGY,2010 E CENTRAL CIRCLE,excel_location_completed.csv,
holder,FOX EARTH STATION,1040 W MERILL AVE,excel_location_completed.csv,
layton,SW INDUSTRIAL BUILDINGS 2 & 3,7700 W BUCKEYE RD,excel_location_completed.csv,75551
layton,CAESARS REPUBLIC SCOTTSDALE,SEC GOLWATER BLVD & HIGHLAND,excel_location_completed.csv,
layton,PROJECT ANDELE,500 W PINNACLE PEAK RD,excel_location_completed.csv,83227
layton,VT 303 PROJECT SLIDER,SEC MARYLAND & SARIVAL,excel_location_completed.csv,86935
layton,PROJECT BAXTER,NEC LITCHFIELD RD & SWEETWATER,excel_location_completed.csv,
layton,DON & CHARLIES HOTEL,7501 E CAMELBACK RD,excel_location_completed.csv,
layton,PROJECT LAGERHAUS,10001 N REEMS ROAD,excel_location_completed.csv,
ryan companies,BANNER IRONWOOD MOB,37200 N GANTZEL RD,excel_location_completed.csv,73965
ryan companies,EXIBIT 17 NORTH PHASE II,23800 FARMERS WAY,excel_location_completed.csv,72341
ryan companies,CLARENDALE OF CHANDLER,5900 S GILBERT RD,excel_location_completed.csv,67592
ryan companies,FARMERS PHASE II,23800 E FARMERS WAY,excel_location_completed.csv,
ryan companies,PV 303 - UPS PHASE 2,16800 W INDIAN SCHOOL RD,excel_location_completed.csv,
ryan companies,CHANDLER AIRPORT COMMERCE,3033 S MCQUEEN RD,excel_location_completed.csv,77105
ryan companies,777 TOWER AT NOVUS,800 E UNIVERSITY DR,excel_location_completed.csv,75247
ryan companies,ERHARDT PARK COMMUNITY,4003 S EVERGREEN RD,excel_location_completed.csv,
ryan companies,SCOTTSDALE SENIOR LIVING,E PINNACLE PEAK PKWY,excel_location_completed.csv,73092
ryan companies,CANOPY BY HILTON - SCOTTSDALE,7140 E 1ST ST,excel_location_completed.csv,75512
ryan companies,PROJECT JAMESON,SEC SEC MCQUEEN RD & QUEEN CREEK RD,excel_location_completed.csv,
ryan companies,CROSSPOINT,20022 N 31ST AVE,excel_location_completed.csv,8577
ryan companies,FRIENDSHIP VILLAGE OF TEMPE,2645 E SOUTHERN AVE,excel_location_completed.csv,78662
ryan companies,MOUNTAINSIDE FITNESS CADENCE,E CADENCE PARKWAY,excel_location_completed.csv,
ryan companies,GENERATIONS AT 66TH AND MAYO,NE CORNER 66TH ST AND MAYO BLVD,excel_location_completed.csv,
ryan companies,GCS- INFRASTRUCTURE,150TH DR & MCDOWELL ED,excel_location_completed.csv,
ryan companies,CLARENDALE ARCADIA,3233 E CAMELBACK RD,excel_location_completed.csv,83506
wespac,TOLLESON LOGISTICS CENTER,10601 W VAN BUREN ST,excel_location_completed.csv,88935
wespac,CCS CORPORATE HQ,1426 W BASS PRO DR,excel_location_completed.csv,92639
willmeng,CAZ 7 PROJECT FLIGHT,1265 S PRICE RD,excel_location_completed.csv,70425
willmeng,CAZ 5 PARKING GARAGE,1700 S PRICE RD,excel_location_completed.csv,92595
willmeng,GREENTREE BUSINESS CENTER,1315 W GREENTREE DR,excel_location_completed.csv,
willmeng,GRIC- WHPDA MULTI USE,WILD HORSE RD & 48TH ST,excel_location_completed.csv,
willmeng,ARROWHEAD GLENDALE DEARLERSHIP,101 & BEARDSLEY RD,excel_location_completed.csv,81949
willmeng,AF STEEL FAB,6579 W ROCK SOLID WAY,excel_location_completed.csv,
willmeng,CAZ 6,1475/1375 S PRICE RD,excel_location_completed.csv,
willmeng,AIRGATE 1,7442 E RAY ROAD,excel_location_completed.csv,87536
willmeng,KENTWOOD 303,NEC COTTON LN & BETHANY HOME RD,excel_location_completed.csv,86920
willmeng,CLARION PARKING EXPANSION,2225 S 75th AVE,excel_location_completed.csv,
willmeng,AVONDALE FIRE STATION #175,12495 W VAN BUREN ST,excel_location_completed.csv,88636
willmeng,SURPRISE XERISCAPE GARDEN,16000 N CIVIC CENTER PLAZA,excel_location_completed.csv,91413
willmeng,TRAMMELL PARK ALDEA,101ST AVE & MISSOURI,excel_location_completed.csv,91829
willmeng,FRITO-LAY PEORIA LOGISTICS,SWC 75TH AVE & GOLDEN LANE,excel_location_completed.csv,93116
willmeng,COUNTRYSIDE PARK,15151 W GREENWAY RD,excel_location_completed.csv,94258
lge design,IMMEDIA/ICON AT PERIMETER CENTER,8399 E HARTFORD DR,excel_location_completed.csv,91880
willmeng,WARNER COMMONS,17902 E WARNER RD,excel_location_completed.csv,90328
lge design,MERCY CENTER,SEC MERCY DR & VAL VISTA,excel_location_completed.csv,88836
willmeng,SCOTTSDALE CIVIC CENTER CMAR,3939 DRINKWATER BLVD,excel_location_completed.csv,91066
wespac,SMITH & RIO APARTMENTS,1971 E RIO SALADO,excel_location_completed.csv,88475
ryan companies,17 NORTH COMMERCE CENTER,2335 W CORPRATE CENTER DR,excel_location_completed.csv,92383
ryan companies,ACOYA SHEA AT SCOTTSDALE,7373 E SHEA BLVD,excel_location_completed.csv,89217
willmeng,ASU ALUMNI LAWN,425 E UNIVERSITY DRIVE,excel_location_completed.csv,96815
ryan companies,WOOLF LOGISTICS,15151 W HATCHER ROAD,excel_location_completed.csv,94413
willmeng,KENTWOOD 10,215TH AVE & ROOSEVELT,excel_location_completed.csv,93067
willmeng,ASU LOT 47 CONSTRUCTION,1711 S RURAL ROAD,excel_location_completed.csv,98776
ryan companies,FRIENDSHIP VILLAGE OF TEMPE PHASE 2 BUILDING,2645 E SOUTHERN AVE,excel_location_completed.csv,90407
willmeng,MET 202,3223 S CRISMON ROAD,excel_location_completed.csv,93892
ryan companies,MESA INDUSTRIAL PHASE II,8936 E RAY ROAD,excel_location_completed.csv,89642
lge design,AIRPARK LOGISTICS,SEC YUMA ROAD & BULLARD,excel_location_completed.csv,90187
willmeng,SUNDANCE PARK PHASE II,22865 W LOWER BUCKEYE RD,excel_location_completed.csv,88197
alexander,MERKIN VINEYARD,770 N VERDE HEIGHTS DRIVE,excel_location_completed.csv,76704
alexander,ELECTRIC PICKLE TEMPE - P1,8688 S EMERALD DRIVE,excel_location_completed.csv,96767
ryan companies,ARIZONA HUMAN SOCIETY - PAPAGO PARK CAMPUS,5501 E VAN BUREN ST,excel_location_completed.csv,91040
willmeng,KENTWOOD 10-OFFSITE,215TH AVE & ROOSEVELT,excel_location_completed.csv,96449
willmeng,ADOT REGINAL BASIN,W ROOSEVELT RD & PERRYVILLE RD,excel_location_completed.csv,99368
ryan companies,KROGER FLAMING BIRD FC-09,1919 S 91ST AVE,excel_location_completed.csv,94625
willmeng,KENTWOOD CASA GRANDE,1150 W LAWRENCE STREET,excel_location_completed.csv,97960
ryan companies,ST. VINCENT DE PAUL,310 W WATKINS STREET,excel_location_completed.csv,94752
willmeng,MISSION PARK,W ROOSEVELT RD & PERRYVILLE RD,excel_location_completed.csv,95873
wespac,CARVANA CORPRATE CAMPUS,1325 W RIO SALADO PKWAY,excel_location_completed.csv,92297
willmeng,CHANDLER AIRPARK 202,NWC GERMANN RD & NORTHROP BLVD,excel_location_completed.csv,93506
willmeng,SUBZERO,17215 W CAMELBACK RD,excel_location_completed.csv,97174
willmeng,AVONDALE POLICE DETENTION CENTER,50 N ELISEO C. FELIX JR. WAY,excel_location_completed.csv,97550
willmeng,SUN VALLEY ACADEMY- GLENDALE,5835 N 83RD AVE,excel_location_completed.csv,101445
ryan companies,ONE SCOTTSDALE MOB,20159 N SCOTTSDALE RD,excel_location_completed.csv,97944
ryan companies,GEN2 PARKING GARAGE,150TH DR & W MCDOWELL RD,excel_location_completed.csv,99358
willmeng,RIO GLASS,13280 W RIO GLASS SOLAR RD,excel_location_completed.csv,89355
willmeng,CAP ROCK - WEST 202 LOGISTICS,5555 W ROOSEVELT STREET,excel_location_completed.csv,91401
willmeng,COTTON LN COMMERCE CENTER PARK,17222 W ELWOOD ST,excel_location_completed.csv,97708
ryan companies,VINYLTECH BUILDING,201 S 61ST AVE,excel_location_completed.csv,100194
wespac,COVE LOGISTICS,3701 W VAN BUREN ST,excel_location_completed.csv,101522
willmeng,MCKESSON PHOENIX,NWC 87TH AVE & DURANGO ST,excel_location_completed.csv,100765
ryan companies,SURPISE POINT 34,SEC WADDELL RD & WILLOW AVE,excel_location_completed.csv,98341
wespac,MESA GATEWAY INFRASTRUCTURE,WILLIAMSFIELD AND ELLSWORTH,excel_location_completed.csv,100276
ryan companies,GLOBE DR INFRASTRUCTURE,GLOBE DR,excel_location_completed.csv,
willmeng,ST MARY'S FOOD BANK- 29TH AVE,2804 N 29TH AVE,excel_location_completed.csv,103445
willmeng,THE BASE INDUSTRIAL,17222 W ELWOOD ST,excel_location_completed.csv,99409
wespac,THE VILLAGE AT MAYO CLINIC - CASITA #4,5901 E MAYO BLVD,excel_location_completed.csv,
willmeng,DEER VALLEY BUSINESS CENTER,7TH AVE & MELINDA LN,excel_location_completed.csv,96114
haydon building,VANGUARD TRUCK CENTER,SWC LATHAM ST & N 91ST AVE,excel_location_completed.csv,102422
ryan companies,CITY OF HOPE - SURGERY EXPANSION,14200 CELEBRATE LIFE WAY,excel_location_completed.csv,100768
willmeng,SURPRISE COMMUNITY POOL,CACTUS AND PERRYVILLE,excel_location_completed.csv,100093
willmeng,PALM VALLEY COMMERCE- BUILDING A,13550 W AUTO DR,excel_location_completed.csv,104021
ryan companies,INNOVATE 48 INDUSTRIAL,4801 E WASHINGTON ST,excel_location_completed.csv,103292
willmeng,FORMATION PARK 10 - PHASE 1,NEC BULLARD & CELEBRATE LIFE WAY,excel_location_completed.csv,103392
ryan companies,SCHRADER FARMS BUSINESS PARK - PHASE 1,NWC McQUEEN & QUEEN CREEK,excel_location_completed.csv,103757
ryan companies,TRAVELERS TEMPE TECH DEMOLITION,1401 S 52ND STREET,excel_location_completed.csv,106555
ryan companies,GSQ MOB MEDICAL OFFICE,1800 N CIVIC SQUARE,excel_location_completed.csv,104366
haydon building,VINEYARD TOWN CENTER - PHASE 2,NWC GANTZEL ROAD & COMBS ROAD,excel_location_completed.csv,100702
ryan companies,PROJECT NORTH,CITY NORTH DR & 54TH ST,excel_location_completed.csv,101476
ryan companies,17 NORTH PHASE II - BUILDING C,2350 W CORPRORATE CENTER DR,excel_location_completed.csv,105788
ryan companies,17 NORTH PHASE II - BUILDING D,2350 W CORPRORATE CENTER DR,excel_location_completed.csv,105788
ryan companies,ONE SCOTTSDALE - 73RD STREET INFRASTRUCTURE,73RD STREET & lEGACY,excel_location_completed.csv,106893
willmeng,GO99 OFFSITES,9797 W BUCKEYE RD,excel_location_completed.csv,
willmeng,PALM VALLEY COMMERCE- BUILDING B & C,13550 W AUTO DR,excel_location_completed.csv,104021
ryan companies,CHANDLER FREEWAYS,6955 W MORELOS PLACE,excel_location_completed.csv,110895
ar mays,Postino's,,aia_all.csv,
ar mays,PV Transit Station,,aia_all.csv,
ar mays,Governor by Moderne,,aia_all.csv,
ar mays,Stellar,,aia_all.csv,
ar mays,Earnhardt San Tan Hyundai,,aia_all.csv,
ar mays,Brooklyn Bedding PH.2,,aia_all.csv,
ar mays,Aldi- Casa Grande,,aia_all.csv,
ar mays,The Marshall Student Housing (deduct retention on SWPPP invoice),,aia_all.csv,
ar mays,999 Playa,,aia_all.csv,
ar mays,Main Event- Gilbert,,aia_all.csv,
ar mays,Scottsdale Springs,,aia_all.csv,
ar mays,Tempe Market Place,,aia_all.csv,
ar mays,101 Mega Raintree,,aia_all.csv,
ar mays,City North Phase 2,,aia_all.csv,
ar mays,Mirabel,,aia_all.csv,
ar mays,Raising Canes Phoenix,,aia_all.csv,
ar mays,Desert Mtn Storage & Laundry,,aia_all.csv,
ar mays,Chandler Ascend,,aia_all.csv,
ar mays,Park 10 Shops A,,aia_all.csv,
ar mays,Cave Creek Crossing,,aia_all.csv,
ar mays,Cadence at Gateway,,aia_all.csv,
ar mays,Laveen Park Place,,aia_all.csv,
ar mays,,,aia_all.csv,
ar mays,Fat Cats Surprise,,aia_all.csv,
ar mays,Industrial Metal Supply,,aia_all.csv,
ar mays,Dwell,,aia_all.csv,
ar mays,Novus 3A Open Space,,aia_all.csv,
bayley,Aeroterra,,aia_all.csv,
bayley,Fashion Luxury Redevelopment,,aia_all.csv,
bayley,SanTan Village,,aia_all.csv,
bayley,Christown Mall,,aia_all.csv,
bayley,Wickenburg Community Services Center,,aia_all.csv,
bayley,San Tan Village Ph. 5,,aia_all.csv,
haydon,SEVRAR,,aia_all.csv,
haydon,El Mirage City Hall,,aia_all.csv,
haydon,Anthem Opportunity Way Park,,aia_all.csv,
haydon,ASU Chandler Innovation Center,,aia_all.csv,
haydon,Desert Arroyo,,aia_all.csv,
haydon,Crossroads Towne Center,,aia_all.csv,
haydon,Aspera,,aia_all.csv,
haydon,PCDS Gym & Walk of Champions,,aia_all.csv,
haydon,Desert Sky Transit- CERTIFIED,,aia_all.csv,
haydon,Veramonte-1 & Suprise Farms-2,,aia_all.csv,
haydon,ASU Herberger,,aia_all.csv,
haydon,Reach 11 dog park,,aia_all.csv,
haydon,Our Lady of the Angels Church,,aia_all.csv,
haydon,,,aia_all.csv,
haydon,Deer Valley GMP,,aia_all.csv,
haydon,Aspera Bank Improvements,,aia_all.csv,
brycon,,,aia_all.csv,
brycon,FM Industries,,aia_all.csv,
brycon,Sub Zero Expansion,,aia_all.csv,
brycon,Camp Tontozona,,aia_all.csv,
brycon,Air Products Chandler PH.2,,aia_all.csv,
brycon,Gilbert Spectrum,,aia_all.csv,
brycon,Pueblo Grande Museum,,aia_all.csv,
brycon,Sub Zero,,aia_all.csv,
brycon,Marriott Hotel- Mesa,,aia_all.csv,
brycon,Leclerc,,aia_all.csv,
brycon,Air Products Chandler,,aia_all.csv,
brycon,Marvel Masonry,,aia_all.csv,
ryan companies,PHX065 DATA CENTER,10464 E PECOS ROAD,excel_location_uploads.csv,110900
ryan companies,FRIENDSHIP VILLAGE OF TEMPE PHASE 3,2645 E SOUTHERN AVE,excel_location_uploads.csv,
wespac,GOLD DUST APARTMENTS,10050 N SCOTTSDALE ROAD,excel_location_uploads.csv,111395
wespac,SPROUTS FARMER'S MARKET HEADQUARTERS,NWC 56TH ST & CITY NORTH DR,excel_location_uploads.csv,108406
ryan companies,BANNER VERRADO HEALTH CENTER PLUS,20751 W MARKET ST,excel_location_uploads.csv,110878
willmeng,PAPAGO COMMERCE CENTER - BLDG A & BLDG B,686 N 47TH AVE,excel_location_uploads.csv,107716
willmeng,AVONDALE FIRE #171,519 E WESTERN AVE,excel_location_uploads.csv,106091
ryan companies,CHANDLER FREEWAYS,,excel_location_sheet1.csv,
ryan companies,PHX065 DATA CENTER,,excel_location_sheet1.csv,
ryan companies,FRIENDSHIP VILLAGE OF TEMPE PHASE 3,,excel_location_sheet1.csv,
ryan companies,BANNER VERRADO HEALTH CENTER PLUS,,excel_location_sheet1.csv,
wespac,GOLD DUST APARTMENTS,,excel_location_sheet1.csv,
wespac,SPROUTS FARMER'S MARKET HEADQUARTERS,,excel_location_sheet1.csv,
willmeng,PAPAGO COMMERCE CENTER - BLDG A & BLDG B,,excel_location_sheet1.csv,
willmeng,AVONDALE FIRE #171,,excel_location_billing_invoices.csv,
ryan companies,NORIA APARTMENTS @ CHANDLER,2177 S MCQUEEN RD,excel_location_need_start.csv,
