raw_spelling,source_file,record_count,should_merge,canonical_form,notes
Willmeng,"excel_credit_memos.csv, excel_rental_bv.csv, excel_rental_items.csv, excel_rental_swppp_numbers.csv, excel_swppp_bv.csv, excel_wt_sw.csv",247,YES,Willmeng,Primary simple name
Willmeng Construction,"certs_2025_all.csv, excel_cp_invoices_2024.csv, excel_cp_invoices_2025.csv, excel_swppp_bv.csv, excel_swppp_confirmed.csv, excel_swppp_need_schedule.csv",224,YES,Willmeng Construction,Primary full name variant
WILLMENG,"excel_location_billing_invoices.csv, excel_location_completed.csv, excel_location_contract_billing.csv, excel_location_sheet1.csv, excel_location_uploads.csv",93,YES,Willmeng,All caps - normalize to title case
WILLMENG CONSTRUCTION INC,"excel_location_completed.csv, excel_location_contract_billing.csv, excel_location_sheet1.csv, excel_location_uploads.csv",29,YES,Willmeng Construction,All caps full name - normalize
willmeng.com,"excel_location_completed.csv, excel_location_uploads.csv",19,NO,EXTRACT_CONTACT,Contact info - keep separate
WILLMENG.COM,excel_location_completed.csv,6,YES,Willmeng,
Willmeng                              (Need Job #),excel_wt_sw.csv,6,PARTIAL,Willmeng - EXTRACT_NOTES,Contains job/COR info - extract to separate field
Willmeng Construction Inc,certs_2025_all.csv,4,YES,Willmeng Construction,Construction variant
Willmeng 520-249-0734,excel_swppp_bv.csv,4,PARTIAL,Willmeng - EXTRACT_PHONE,Contains phone number - extract to separate field
Willmeng                           (Need Job #),excel_wt_sw.csv,4,PARTIAL,Willmeng - EXTRACT_NOTES,Contains job/COR info - extract to separate field
willmeng.com;jcrichton@willmeng.com,excel_location_completed.csv,2,NO,EXTRACT_CONTACT,Contact info - keep separate
WILLMENG Canceled,excel_location_completed.csv,2,YES,Willmeng,
willmeng.com; landerson@willmeng.com; rstuker@willmeng.com,excel_location_completed.csv,2,NO,EXTRACT_CONTACT,Contact info - keep separate
WILLMENG Doing own inspections,excel_location_completed.csv,2,YES,Willmeng,
WILLMENG CONSTRUCTION,excel_location_completed.csv,2,YES,Willmeng Construction,All caps full name - normalize
willmeng.com; nortega@willmeng.com; akarnati@willmeng.com,excel_location_completed.csv,2,NO,EXTRACT_CONTACT,Contact info - keep separate
Willmeng 520-249-0734 or Avanash 864-650-6767,excel_swppp_bv.csv,2,PARTIAL,Willmeng - EXTRACT_PHONE,Contains phone number - extract to separate field
Willmeng                                          Job  25-03-3950,excel_wt_sw.csv,2,YES,Willmeng,
Willmeng                                    (COR to mnasiri@willmeng.com),excel_wt_sw.csv,2,NO,EXTRACT_CONTACT,Contact info - keep separate
Willmeng                                    (Invoice for contract billing),excel_wt_sw.csv,2,YES,Willmeng,
Willmeng                                    (Job #22-03-3649),excel_wt_sw.csv,2,PARTIAL,Willmeng - EXTRACT_NOTES,Contains job/COR info - extract to separate field
Willmeng                                    (Job 25-07-3920),excel_wt_sw.csv,2,PARTIAL,Willmeng - EXTRACT_NOTES,Contains job/COR info - extract to separate field
Willmeng                                   (Job # 22-02-3554),excel_wt_sw.csv,2,PARTIAL,Willmeng - EXTRACT_NOTES,Contains job/COR info - extract to separate field
Willmeng                                   (Job # 24-02-3853),excel_wt_sw.csv,2,PARTIAL,Willmeng - EXTRACT_NOTES,Contains job/COR info - extract to separate field
Willmeng                                  Job #24-02-3869  (Mark said use this #),excel_wt_sw.csv,2,YES,Willmeng,
Willmeng                              (Need Jobs #),excel_wt_sw.csv,2,PARTIAL,Willmeng - EXTRACT_NOTES,Contains job/COR info - extract to separate field
Willmeng                             (Need Job #),excel_wt_sw.csv,2,PARTIAL,Willmeng - EXTRACT_NOTES,Contains job/COR info - extract to separate field
Willmeng                            (Job # 24-02-3897),excel_wt_sw.csv,2,PARTIAL,Willmeng - EXTRACT_NOTES,Contains job/COR info - extract to separate field
Willmeng                            (Job # 25-03-3931),excel_wt_sw.csv,2,PARTIAL,Willmeng - EXTRACT_NOTES,Contains job/COR info - extract to separate field
Willmeng                            (Need Job #),excel_wt_sw.csv,2,PARTIAL,Willmeng - EXTRACT_NOTES,Contains job/COR info - extract to separate field
Willmeng                           (Job # 25023946),excel_wt_sw.csv,2,PARTIAL,Willmeng - EXTRACT_NOTES,Contains job/COR info - extract to separate field
Willmeng                           (Job #24-01-3857),excel_wt_sw.csv,2,PARTIAL,Willmeng - EXTRACT_NOTES,Contains job/COR info - extract to separate field
Willmeng                        (Job 25013915)  Patrick Smith 480-824-3138,excel_wt_sw.csv,2,PARTIAL,Willmeng - EXTRACT_NOTES,Contains job/COR info - extract to separate field
Willmeng                        (Send COR to  bbaker@willmeng.com;bcarroll@willmeng.com),excel_wt_sw.csv,2,NO,EXTRACT_CONTACT,Contact info - keep separate
Willmeng                      (danderson@willmeng.com)     (Job # 23-03-3747),excel_wt_sw.csv,2,NO,EXTRACT_CONTACT,Contact info - keep separate
Willmeng                      (Job 23-01-3697),excel_wt_sw.csv,2,PARTIAL,Willmeng - EXTRACT_NOTES,Contains job/COR info - extract to separate field
Willmeng                      (Job 23-03-3721),excel_wt_sw.csv,2,PARTIAL,Willmeng - EXTRACT_NOTES,Contains job/COR info - extract to separate field
Willmeng                      (Job 23-07-3727),excel_wt_sw.csv,2,PARTIAL,Willmeng - EXTRACT_NOTES,Contains job/COR info - extract to separate field
Willmeng                 (COR goes to  jaddis@willmeng.com;ascott@willmeng.com),excel_wt_sw.csv,2,NO,EXTRACT_CONTACT,Contact info - keep separate
Willmeng           (COR smersereau@willmeng.com;tnez@willmeng.com),excel_wt_sw.csv,2,NO,EXTRACT_CONTACT,Contact info - keep separate
Willmeng Construction Inc.pdf,certs_2025_all.csv,1,YES,Willmeng Construction,Construction variant
Willmeng Construction Inc - Subzero-Camelback 303.pdf,certs_2025_all.csv,1,YES,Willmeng Construction,Construction variant
Willmeng Construction Inc - Merit Partners.pdf,certs_2025_all.csv,1,YES,Willmeng Construction,Construction variant
Willmeng Construction Inc - Civic Center CMAR.pdf,certs_2025_all.csv,1,YES,Willmeng Construction,Construction variant
Willmeng Construction - Kentwood 10.pdf,certs_2025_all.csv,1,YES,Willmeng Construction,Construction variant
Willmeng Construction - Gilbert Water Tower.pdf,certs_2025_all.csv,1,YES,Willmeng Construction,Construction variant
Willmeng Construction - St Marys FB.pdf,certs_2025_all.csv,1,YES,Willmeng Construction,Construction variant
Willmeng Construction - Cotton Lane Commerce Park.pdf,certs_2025_all.csv,1,YES,Willmeng Construction,Construction variant
Willmeng Construction - The Base Industrial (2).pdf,certs_2025_all.csv,1,YES,Willmeng Construction,Construction variant
Willmeng Construction - ASU Alumni Lawn Construction (2).pdf,certs_2025_all.csv,1,YES,Willmeng Construction,Construction variant
Willmeng Construction - Silver Creek.pdf,certs_2025_all.csv,1,YES,Willmeng Construction,Construction variant
Willmeng Construction - Deervalley Bus Center Bldg 4&8.pdf,certs_2025_all.csv,1,YES,Willmeng Construction,Construction variant
Willmeng Construction - Countryside Park.pdf,certs_2025_all.csv,1,YES,Willmeng Construction,Construction variant
Willmeng Construction - Formation Park 10.pdf,certs_2025_all.csv,1,YES,Willmeng Construction,Construction variant
Willmeng Construction - Kentwood 10 Offsite.pdf,certs_2025_all.csv,1,YES,Willmeng Construction,Construction variant
Willmeng Construction - Palm Valley Commerce Center (2).pdf,certs_2025_all.csv,1,YES,Willmeng Construction,Construction variant
Willmeng Construction - GC High School Expansion (2).pdf,certs_2025_all.csv,1,YES,Willmeng Construction,Construction variant
Willmeng Construction - 10 Goodyear Citrus Rd (2).pdf,certs_2025_all.csv,1,YES,Willmeng Construction,Construction variant
Willmeng Construction - Silver Creek (2).pdf,certs_2025_all.csv,1,YES,Willmeng Construction,Construction variant
Willmeng Construction - SCAHCC LTC Facility.pdf,certs_2025_all.csv,1,YES,Willmeng Construction,Construction variant
Willmeng Construction - Avondale Police Detention Center.pdf,certs_2025_all.csv,1,YES,Willmeng Construction,Construction variant
Willmeng Construction - Papago Commerce Center Bldg A&B.pdf,certs_2025_all.csv,1,YES,Willmeng Construction,Construction variant
Willmeng Construction - Sun Valley Academy.pdf,certs_2025_all.csv,1,YES,Willmeng Construction,Construction variant
Willmeng Construction - Mission Park (2).pdf,certs_2025_all.csv,1,YES,Willmeng Construction,Construction variant
Willmeng Construction - Surprise Community Pool.pdf,certs_2025_all.csv,1,YES,Willmeng Construction,Construction variant
Willmeng Construction - Kentwood 10 (2).pdf,certs_2025_all.csv,1,YES,Willmeng Construction,Construction variant
Willmeng Construction - Kentwood 10 Offsite (2).pdf,certs_2025_all.csv,1,YES,Willmeng Construction,Construction variant
Willmeng Construction - Heritage Charter Auditorium.pdf,certs_2025_all.csv,1,YES,Willmeng Construction,Construction variant
Willmeng Construction - San Carlos Apache Healthcare.pdf,certs_2025_all.csv,1,YES,Willmeng Construction,Construction variant
Willmeng Construction - ASU Alumni Lawn Construction.pdf,certs_2025_all.csv,1,YES,Willmeng Construction,Construction variant
Willmeng Construction - PV CC - Building B & C.pdf,certs_2025_all.csv,1,YES,Willmeng Construction,Construction variant
Willmeng Construction - Any and All AZ Projects.pdf,certs_2025_all.csv,1,YES,Willmeng Construction,Construction variant
Willmeng Construction - Kentwood 303 (2).pdf,certs_2025_all.csv,1,YES,Willmeng Construction,Construction variant
Willmeng Construction - The Base Industrial.pdf,certs_2025_all.csv,1,YES,Willmeng Construction,Construction variant
Willmeng Construction - Amplify Phase 2.pdf,certs_2025_all.csv,1,YES,Willmeng Construction,Construction variant
Willmeng Construction - Surprise Fire Station No 309.pdf,certs_2025_all.csv,1,YES,Willmeng Construction,Construction variant
Willmeng Construction - Western Semi.pdf,certs_2025_all.csv,1,YES,Willmeng Construction,Construction variant
Willmeng Construction - St. Marys FB.pdf,certs_2025_all.csv,1,YES,Willmeng Construction,Construction variant
Willmeng Construction - Mission Park.pdf,certs_2025_all.csv,1,YES,Willmeng Construction,Construction variant
Willmeng Construction - Daisy Mountain.pdf,certs_2025_all.csv,1,YES,Willmeng Construction,Construction variant
Willmeng Construction - Sun Valley Academy (2).pdf,certs_2025_all.csv,1,YES,Willmeng Construction,Construction variant
Willmeng Construction - Cap Rock - West 202.pdf,certs_2025_all.csv,1,YES,Willmeng Construction,Construction variant
Willmeng Construction - Cotton Lane Commerce Park (2).pdf,certs_2025_all.csv,1,YES,Willmeng Construction,Construction variant
Willmeng Construction - Power Village.pdf,certs_2025_all.csv,1,YES,Willmeng Construction,Construction variant
Willmeng Construction - Deer Valley Bus Center Bldg 4&8.pdf,certs_2025_all.csv,1,YES,Willmeng Construction,Construction variant
Willmeng Construction - ASU - Tempe District Utility Plant.pdf,certs_2025_all.csv,1,YES,Willmeng Construction,Construction variant
Willmeng Construction - Formation Park 10 (2).pdf,certs_2025_all.csv,1,YES,Willmeng Construction,Construction variant
Willmeng Construction - Chandler Airpark 202 (2).pdf,certs_2025_all.csv,1,YES,Willmeng Construction,Construction variant
Willmeng Construction - Peoria Logistics - Frito Lay (2).pdf,certs_2025_all.csv,1,YES,Willmeng Construction,Construction variant
Willmeng Construction - Mack Innovation Park - Phase I.pdf,certs_2025_all.csv,1,YES,Willmeng Construction,Construction variant
Willmeng Construction - Avondale Police Detention Center (2).pdf,certs_2025_all.csv,1,YES,Willmeng Construction,Construction variant
Willmeng Construction - GC High School Expansion.pdf,certs_2025_all.csv,1,YES,Willmeng Construction,Construction variant
Willmeng Construction - 10 Goodyear Citrus Rd.pdf,certs_2025_all.csv,1,YES,Willmeng Construction,Construction variant
Willmeng Construction - Kentwood Casa Grande.pdf,certs_2025_all.csv,1,YES,Willmeng Construction,Construction variant
Willmeng Construction - San Carlos Apache Healthcare (2).pdf,certs_2025_all.csv,1,YES,Willmeng Construction,Construction variant
Willmeng Construction - Heritage Charter Auditorium (2).pdf,certs_2025_all.csv,1,YES,Willmeng Construction,Construction variant
Willmeng Construction - Kentwood 303.pdf,certs_2025_all.csv,1,YES,Willmeng Construction,Construction variant
Willmeng Construction - Palm Valley Commerce Center.pdf,certs_2025_all.csv,1,YES,Willmeng Construction,Construction variant
Willmeng Construction - Chandler Airpark 202.pdf,certs_2025_all.csv,1,YES,Willmeng Construction,Construction variant
Willmeng Construction - McKesson Phoenix.pdf,certs_2025_all.csv,1,YES,Willmeng Construction,Construction variant
Willmeng Construction - MSRP Renovation.pdf,certs_2025_all.csv,1,YES,Willmeng Construction,Construction variant
Willmeng Construction - Mesa Gateway Library.pdf,certs_2025_all.csv,1,YES,Willmeng Construction,Construction variant
Willmeng Construction - Countryside Park (2).pdf,certs_2025_all.csv,1,YES,Willmeng Construction,Construction variant
Willmeng Construction - MSRP Renovation (2).pdf,certs_2025_all.csv,1,YES,Willmeng Construction,Construction variant
Willmeng Construction - ASU Tempe District Ultility Plant.pdf,certs_2025_all.csv,1,YES,Willmeng Construction,Construction variant
Willmeng Construction - McKesson Phoenix (2).pdf,certs_2025_all.csv,1,YES,Willmeng Construction,Construction variant
Willmeng Construction - Amplify Healthcare.pdf,certs_2025_all.csv,1,YES,Willmeng Construction,Construction variant
Willmeng Construction - Gilbert Christian High School.pdf,certs_2025_all.csv,1,YES,Willmeng Construction,Construction variant
Willmeng Construction - Gateway Interchange.pdf,certs_2025_all.csv,1,YES,Willmeng Construction,Construction variant
Willmeng Construction - Peoria Logistics - Frito Lay.pdf,certs_2025_all.csv,1,YES,Willmeng Construction,Construction variant
Willmeng Construction - Western Semi Solutions.pdf,certs_2025_all.csv,1,YES,Willmeng Construction,Construction variant
Willmeng Construction - SCAHCC LTC.pdf,certs_2025_all.csv,1,YES,Willmeng Construction,Construction variant
Willmeng Construction - Surprise Fire Station.pdf,certs_2025_all.csv,1,YES,Willmeng Construction,Construction variant
Willmeng Construction - Mack Innovation Park.pdf,certs_2025_all.csv,1,YES,Willmeng Construction,Construction variant
Willmeng Construction - Cap Rock - West 202 Logistics.pdf,certs_2025_all.csv,1,YES,Willmeng Construction,Construction variant
Willmeng Construction - 99 North.pdf,certs_2025_all.csv,1,YES,Willmeng Construction,Construction variant
Willmeng Construction - Hayden & 101 Waterline.pdf,certs_2025_all.csv,1,YES,Willmeng Construction,Construction variant
Willmeng Construction - Surprise Community Pool (2).pdf,certs_2025_all.csv,1,YES,Willmeng Construction,Construction variant
WILLMENG: Kentwood Casa Grande,excel_cp_invoices_2025.csv,1,YES,Willmeng,
willmeng.com;cdoss@willmeng.com,excel_location_completed.csv,1,NO,EXTRACT_CONTACT,Contact info - keep separate
willmeng.com;zpisztel@willmeng.com,excel_location_completed.csv,1,NO,EXTRACT_CONTACT,Contact info - keep separate
willmeng.cm,excel_location_completed.csv,1,YES,Willmeng,
willmeng.com;hbeerangi@willmeng.com,excel_location_completed.csv,1,NO,EXTRACT_CONTACT,Contact info - keep separate
willmeng.com;DTooley@willmeng.com,excel_location_completed.csv,1,NO,EXTRACT_CONTACT,Contact info - keep separate
willmeng.com; darnberger@willmeng.com; tosborn@willmeng.com,excel_location_completed.csv,1,NO,EXTRACT_CONTACT,Contact info - keep separate
willmeng.com; jburbo@willmeng.com; kvekaria@willmeng.com;ddesai@willmeng.com,excel_location_completed.csv,1,NO,EXTRACT_CONTACT,Contact info - keep separate
willmeng.com; asegu@willmeng.com; snihart@willmeng.com; pkadu@willmeng.com,excel_location_completed.csv,1,NO,EXTRACT_CONTACT,Contact info - keep separate
willmeng.com; dtappen@willmeng.com,excel_location_completed.csv,1,NO,EXTRACT_CONTACT,Contact info - keep separate
willmeng.com;tgardner@willmeng.com;acharameda@willmeng.com,excel_location_completed.csv,1,NO,EXTRACT_CONTACT,Contact info - keep separate
willmeng.com; psmith@willmeng.com,excel_location_completed.csv,1,NO,EXTRACT_CONTACT,Contact info - keep separate
willmeng.com;acharmeda@willmeng.com,excel_location_completed.csv,1,NO,EXTRACT_CONTACT,Contact info - keep separate
willmeng.com; plillegraven@willmeng.com; tgordon@willmeng.com,excel_location_completed.csv,1,NO,EXTRACT_CONTACT,Contact info - keep separate
willmeng.com;lemmert@willmeng.com,excel_location_completed.csv,1,NO,EXTRACT_CONTACT,Contact info - keep separate
willmeng.com; ralexander@willmeng.com; mgoodrich@willmeng.com,excel_location_completed.csv,1,NO,EXTRACT_CONTACT,Contact info - keep separate
willmeng.com;abynum@willmeng.com;vassudani@willmeng.com,excel_location_completed.csv,1,NO,EXTRACT_CONTACT,Contact info - keep separate
willmeng.com; eenniss@willmeng.com,excel_location_completed.csv,1,NO,EXTRACT_CONTACT,Contact info - keep separate
willmeng.com; mgoodrich@willmeng.com,excel_location_completed.csv,1,NO,EXTRACT_CONTACT,Contact info - keep separate
willmeng.com;dcarrier@willmeng.com,excel_location_completed.csv,1,NO,EXTRACT_CONTACT,Contact info - keep separate
willmeng.com;scrutchley@willmeng.com,excel_location_completed.csv,1,NO,EXTRACT_CONTACT,Contact info - keep separate
willmeng.com;dlutgen@willmeng.com,excel_location_uploads.csv,1,NO,EXTRACT_CONTACT,Contact info - keep separate
willmeng.com; kvekaria@willmeng.com; ddesai@willmeng.com,excel_location_uploads.csv,1,NO,EXTRACT_CONTACT,Contact info - keep separate
